File Path,Processing Time (s),Sphere Count,Triangle Count
/foam/scripts/meshes/link_wrist_yaw.STL,22.602718830108643,9,2266
/foam/scripts/meshes/link_dry_erase_marker.STL,15.111753225326538,9,8194
/foam/scripts/meshes/link_gripper_finger_right.STL,8.041885137557983,9,164
/foam/scripts/meshes/plug.stl,15.12981128692627,9,5845
/foam/scripts/meshes/link_puller.STL,46.63313841819763,9,23060
/foam/scripts/meshes/link_mast.STL,13.1877760887146,9,60
/foam/scripts/meshes/base_imu.STL,45.36893558502197,9,896
/foam/scripts/meshes/link_gripper_finger_left.STL,13.775611400604248,9,164
/foam/scripts/meshes/link_aruco_shoulder.STL,12.299460649490356,9,76
/foam/scripts/meshes/link_aruco_inner_wrist.STL,11.59562349319458,9,12
/foam/scripts/meshes/link_respeaker.STL,49.77889895439148,9,23390
/foam/scripts/meshes/link_left_wheel.STL,65.93001437187195,9,32044
/foam/scripts/meshes/link_gripper_fingertip_right.STL,66.01009154319763,9,2508
/foam/scripts/meshes/laser.STL,10.207377195358276,9,684
/foam/scripts/meshes/link_head_tilt.STL,30.31838583946228,9,12866
/foam/scripts/meshes/plug_collision.stl,8.11110520362854,9,224
/foam/scripts/meshes/link_lift.STL,27.498756170272827,9,10224
/foam/scripts/meshes/link_aruco_right_base.STL,300.6767497062683,9,4
/foam/scripts/meshes/link_aruco_left_base.STL,302.4657406806946,9,4
/foam/scripts/meshes/link_arm_l4.STL,18.5748450756073,9,1760
/foam/scripts/meshes/link_arm_l0.STL,28.833665132522583,9,8392
/foam/scripts/meshes/link_head.STL,32.22014403343201,9,19110
/foam/scripts/meshes/link_gripper_fingertip_left.STL,86.89862418174744,9,2508
/foam/scripts/meshes/link_arm_l1.STL,16.59902334213257,9,1932
/foam/scripts/meshes/link_gripper.STL,49.586153507232666,9,6616
/foam/scripts/meshes/link_arm_l3.STL,20.119412183761597,9,1800
/foam/scripts/meshes/link_arm_l2.STL,16.652042150497437,9,1800
/foam/scripts/meshes/link_dry_erase_holder.STL,59.42693877220154,9,24888
/foam/scripts/meshes/base_link.STL,34.27835202217102,9,11004
/foam/scripts/meshes/link_aruco_top_wrist.STL,20.904417514801025,9,12
/foam/scripts/meshes/low_res_1.stl,420.39186549186707,9,634
/foam/scripts/meshes/link_right_wheel.STL,63.288700580596924,9,32044
/foam/scripts/meshes/omni_wheel_m.STL,292.69911789894104,9,54720
/foam/scripts/meshes/link_head_pan.STL,21.820119857788086,9,3974
/foam/scripts/meshes/meshes_panda/visual/link2.obj,17.013295650482178,9,12716
/foam/scripts/meshes/meshes_panda/visual/link1.obj,112.06755495071411,9,12516
/foam/scripts/meshes/meshes_panda/collision/hand.obj,7.867366552352905,9,200
/foam/scripts/meshes/meshes_panda/collision/finger.obj,6.567949533462524,9,32
/foam/scripts/meshes/meshes_panda/collision/link4.obj,7.86342978477478,9,300
/foam/scripts/meshes/meshes_panda/collision/link5.obj,6.891406059265137,9,300
/foam/scripts/meshes/meshes_panda/collision/link7.obj,12.71765947341919,9,200
/foam/scripts/meshes/meshes_panda/collision/link2.obj,8.119479656219482,9,300
/foam/scripts/meshes/meshes_panda/collision/link3.obj,7.400589227676392,9,300
/foam/scripts/meshes/meshes_panda/collision/link1.obj,9.773553371429443,9,300
/foam/scripts/meshes/meshes_panda/collision/link0.obj,9.166800260543823,9,200
/foam/scripts/meshes/example-robot-data/robots/laikago_description/meshes/calf.obj,9.459900379180908,9,4880
/foam/scripts/meshes/example-robot-data/robots/laikago_description/meshes/thigh.obj,8.187649011611938,9,2206
/foam/scripts/meshes/example-robot-data/robots/laikago_description/meshes/hip.obj,29.643072605133057,9,800
/foam/scripts/meshes/example-robot-data/robots/laikago_description/meshes/thigh_mirror.obj,8.34671664237976,9,2206
/foam/scripts/meshes/example-robot-data/robots/double_pendulum_description/meshes/base_link.stl,18.562384128570557,9,12072
/foam/scripts/meshes/example-robot-data/robots/double_pendulum_description/meshes/link2.stl,12.237329483032227,9,424
/foam/scripts/meshes/example-robot-data/robots/double_pendulum_description/meshes/link1.stl,13.158132553100586,9,758
/foam/scripts/meshes/example-robot-data/robots/falcon_description/meshes/floater.stl,7.21290397644043,9,12
/foam/scripts/meshes/example-robot-data/robots/falcon_description/meshes/chassis_rov_convex_hull.stl,7.782016754150391,9,24
/foam/scripts/meshes/example-robot-data/robots/falcon_description/meshes/propeller_rov.stl,31.034770250320435,9,900
/foam/scripts/meshes/example-robot-data/robots/falcon_description/meshes/chassis_rov.stl,15.165878057479858,9,276
/foam/scripts/meshes/example-robot-data/robots/talos_data/meshes/sensors/orbbec/orbbec.STL,25.571180820465088,9,3974
/foam/scripts/meshes/example-robot-data/robots/talos_data/meshes/gripper/inner_double_collision.STL,16.602192163467407,9,180
/foam/scripts/meshes/example-robot-data/robots/talos_data/meshes/gripper/gripper_motor_double.STL,17.90339732170105,9,3584
/foam/scripts/meshes/example-robot-data/robots/talos_data/meshes/gripper/gripper_motor_single_collision.STL,12.950569152832031,9,250
/foam/scripts/meshes/example-robot-data/robots/talos_data/meshes/gripper/inner_double.STL,15.134809732437134,9,1084
/foam/scripts/meshes/example-robot-data/robots/talos_data/meshes/gripper/base_link_collision.STL,12.222216129302979,9,364
/foam/scripts/meshes/example-robot-data/robots/talos_data/meshes/gripper/fingertip.STL,17.775261878967285,9,428
/foam/scripts/meshes/example-robot-data/robots/talos_data/meshes/gripper/gripper_motor_double_collision.STL,13.370383977890015,9,250
/foam/scripts/meshes/example-robot-data/robots/talos_data/meshes/gripper/inner_single.STL,18.116693258285522,9,1087
/foam/scripts/meshes/example-robot-data/robots/talos_data/meshes/gripper/inner_single_collision.STL,16.8582444190979,9,150
/foam/scripts/meshes/example-robot-data/robots/talos_data/meshes/gripper/gripper_motor_single.STL,14.498108386993408,9,3196
/foam/scripts/meshes/example-robot-data/robots/talos_data/meshes/gripper/fingertip_collision.STL,8.116014003753662,9,102
/foam/scripts/meshes/example-robot-data/robots/talos_data/meshes/head/head_2_collision.stl,17.953855276107788,9,1306
/foam/scripts/meshes/example-robot-data/robots/talos_data/meshes/head/head_1_collision.stl,12.860070943832397,9,256
/foam/scripts/meshes/example-robot-data/robots/talos_data/meshes/head/head_1.stl,20.97056770324707,9,2006
/foam/scripts/meshes/example-robot-data/robots/talos_data/meshes/head/head_2.stl,27.733792543411255,9,7359
/foam/scripts/meshes/example-robot-data/robots/talos_data/meshes/v2/hip_z_collision.stl,9.79983925819397,9,484
/foam/scripts/meshes/example-robot-data/robots/talos_data/meshes/v2/hip_x_lo_res.stl,16.845533847808838,9,5038
/foam/scripts/meshes/example-robot-data/robots/talos_data/meshes/v2/hip_y_collision.stl,9.875141382217407,9,524
/foam/scripts/meshes/example-robot-data/robots/talos_data/meshes/v2/ankle_X_lo_res.stl,17.135538816452026,9,3744
/foam/scripts/meshes/example-robot-data/robots/talos_data/meshes/v2/ankle_Y_collision.stl,8.825398683547974,9,204
/foam/scripts/meshes/example-robot-data/robots/talos_data/meshes/v2/ankle_X_collision.stl,11.426357507705688,9,308
/foam/scripts/meshes/example-robot-data/robots/talos_data/meshes/v2/ankle_Y_lo_res.stl,8.250482082366943,9,2051
/foam/scripts/meshes/example-robot-data/robots/talos_data/meshes/v2/hip_x_collision.stl,10.410539388656616,9,256
/foam/scripts/meshes/example-robot-data/robots/talos_data/meshes/v2/knee_lo_res.stl,14.087547779083252,9,5872
/foam/scripts/meshes/example-robot-data/robots/talos_data/meshes/v2/knee_collision.stl,11.745681762695312,9,616
/foam/scripts/meshes/example-robot-data/robots/talos_data/meshes/torso/base_link_collision.STL,15.692397117614746,9,1512
/foam/scripts/meshes/example-robot-data/robots/talos_data/meshes/torso/torso_2.STL,64.61802220344543,9,24072
/foam/scripts/meshes/example-robot-data/robots/talos_data/meshes/torso/base_link.STL,37.02814292907715,9,6562
/foam/scripts/meshes/example-robot-data/robots/talos_data/meshes/torso/torso_2_collision.STL,9.09273910522461,9,678
/foam/scripts/meshes/example-robot-data/robots/talos_data/meshes/arm/arm_4.stl,19.367726802825928,9,2143
/foam/scripts/meshes/example-robot-data/robots/talos_data/meshes/arm/arm_5.stl,37.72237777709961,9,8716
/foam/scripts/meshes/example-robot-data/robots/talos_data/meshes/arm/arm_7.STL,22.36377716064453,9,3909
/foam/scripts/meshes/example-robot-data/robots/talos_data/meshes/arm/arm_6_collision.STL,12.2336745262146,9,258
/foam/scripts/meshes/example-robot-data/robots/talos_data/meshes/arm/arm_2_collision.STL,10.754131555557251,9,496
/foam/scripts/meshes/example-robot-data/robots/talos_data/meshes/arm/arm_6.stl,22.393072605133057,7,1656
/foam/scripts/meshes/example-robot-data/robots/talos_data/meshes/arm/arm_2.stl,19.635236024856567,7,4352
/foam/scripts/meshes/example-robot-data/robots/talos_data/meshes/arm/arm_5_collision.STL,13.669565677642822,9,828
/foam/scripts/meshes/example-robot-data/robots/talos_data/meshes/arm/arm_1_collision.STL,11.946317911148071,9,1382
/foam/scripts/meshes/example-robot-data/robots/talos_data/meshes/arm/arm_3.stl,36.565433740615845,9,3788
/foam/scripts/meshes/example-robot-data/robots/talos_data/meshes/arm/arm_1.stl,50.518484354019165,9,4178
/foam/scripts/meshes/example-robot-data/robots/talos_data/meshes/arm/arm_4_collision.STL,14.549096822738647,9,584
/foam/scripts/meshes/example-robot-data/robots/talos_data/meshes/arm/arm_3_collision.STL,18.5246844291687,9,1902
/foam/scripts/meshes/example-robot-data/robots/talos_data/meshes/arm/arm_7_collision.STL,10.888129472732544,9,330
/foam/scripts/meshes/example-robot-data/robots/allegro_hand_description/meshes/link_2.0.STL,31.457644939422607,9,1056
/foam/scripts/meshes/example-robot-data/robots/allegro_hand_description/meshes/link_0.0.STL,22.739566564559937,9,1150
/foam/scripts/meshes/example-robot-data/robots/allegro_hand_description/meshes/link_3.0_tip.STL,32.73742079734802,9,1438
/foam/scripts/meshes/example-robot-data/robots/allegro_hand_description/meshes/link_4.0.STL,19.368497371673584,9,456
/foam/scripts/meshes/example-robot-data/robots/allegro_hand_description/meshes/link_1.0.STL,26.319265365600586,9,1400
/foam/scripts/meshes/example-robot-data/robots/allegro_hand_description/meshes/base_link_left.STL,23.917932510375977,8,8678
/foam/scripts/meshes/example-robot-data/robots/allegro_hand_description/meshes/link_3.0.STL,14.910969972610474,9,360
/foam/scripts/meshes/example-robot-data/robots/allegro_hand_description/meshes/link_15.0_tip.STL,32.85046744346619,9,1438
/foam/scripts/meshes/example-robot-data/robots/allegro_hand_description/meshes/link_12.0_right.STL,99.87572813034058,9,4084
/foam/scripts/meshes/example-robot-data/robots/allegro_hand_description/meshes/link_14.0.STL,19.04534125328064,9,936
/foam/scripts/meshes/example-robot-data/robots/allegro_hand_description/meshes/link_13.0.STL,16.28764319419861,9,448
/foam/scripts/meshes/example-robot-data/robots/allegro_hand_description/meshes/base_link.STL,14.366370677947998,9,3276
/foam/scripts/meshes/example-robot-data/robots/allegro_hand_description/meshes/link_12.0_left.STL,123.89359974861145,9,4340
/foam/scripts/meshes/example-robot-data/robots/allegro_hand_description/meshes/link_15.0.STL,26.61980414390564,9,864
/foam/scripts/meshes/example-robot-data/robots/simple_humanoid_description/meshes/box.stl,7.7909181118011475,9,12
/foam/scripts/meshes/example-robot-data/robots/finger_edu_description/meshes/base_back.stl,8.679629564285278,9,1114
/foam/scripts/meshes/example-robot-data/robots/finger_edu_description/meshes/base_side_right.stl,12.384910106658936,9,112
/foam/scripts/meshes/example-robot-data/robots/finger_edu_description/meshes/middle_link.stl,9.350189208984375,9,3252
/foam/scripts/meshes/example-robot-data/robots/finger_edu_description/meshes/lower_link.stl,26.372775554656982,9,2426
/foam/scripts/meshes/example-robot-data/robots/finger_edu_description/meshes/frame_wall.stl,20.2757248878479,9,304
/foam/scripts/meshes/example-robot-data/robots/finger_edu_description/meshes/upper_link.stl,12.107064247131348,9,3254
/foam/scripts/meshes/example-robot-data/robots/finger_edu_description/meshes/base_front.stl,8.913556814193726,9,112
/foam/scripts/meshes/example-robot-data/robots/finger_edu_description/meshes/base_side_left.stl,11.015034675598145,9,80
/foam/scripts/meshes/example-robot-data/robots/finger_edu_description/meshes/base_top.stl,7.084214210510254,9,12
/foam/scripts/meshes/example-robot-data/robots/solo_description/meshes/plane.obj,375.2796461582184,9,2
/foam/scripts/meshes/example-robot-data/robots/solo_description/meshes/sphere.obj,9.949172019958496,9,80
/foam/scripts/meshes/example-robot-data/robots/solo_description/meshes/cube.obj,8.591309785842896,9,12
/foam/scripts/meshes/example-robot-data/robots/solo_description/meshes/cylinder.obj,10.277316093444824,9,32
/foam/scripts/meshes/example-robot-data/robots/solo_description/meshes/obj/with_foot/solo_upper_leg_right_side.obj,34.34307932853699,9,3114
/foam/scripts/meshes/example-robot-data/robots/solo_description/meshes/obj/with_foot/solo_lower_leg_right_side.obj,18.53195071220398,9,1740
/foam/scripts/meshes/example-robot-data/robots/solo_description/meshes/obj/with_foot/solo_foot.obj,28.444988489151,9,3384
/foam/scripts/meshes/example-robot-data/robots/solo_description/meshes/obj/with_foot/solo_upper_leg_left_side.obj,35.47622346878052,9,3114
/foam/scripts/meshes/example-robot-data/robots/solo_description/meshes/obj/with_foot/solo_body.obj,18.605613708496094,9,16410
/foam/scripts/meshes/example-robot-data/robots/solo_description/meshes/obj/with_foot/solo_lower_leg_left_side.obj,20.954160928726196,9,1740
/foam/scripts/meshes/example-robot-data/robots/solo_description/meshes/obj/without_foot/solo_upper_leg_right_side.obj,33.945772647857666,9,3114
/foam/scripts/meshes/example-robot-data/robots/solo_description/meshes/obj/without_foot/solo_lower_leg_right_side.obj,142.23917746543884,9,2240
/foam/scripts/meshes/example-robot-data/robots/solo_description/meshes/obj/without_foot/solo_upper_leg_left_side.obj,69.50856018066406,9,3114
/foam/scripts/meshes/example-robot-data/robots/solo_description/meshes/obj/without_foot/solo_body.obj,18.29615545272827,9,16410
/foam/scripts/meshes/example-robot-data/robots/solo_description/meshes/obj/without_foot/solo_lower_leg_left_side.obj,16.472482919692993,9,2240
/foam/scripts/meshes/example-robot-data/robots/solo_description/meshes/stl/with_foot/solo_foot.stl,28.664473056793213,9,3384
/foam/scripts/meshes/example-robot-data/robots/solo_description/meshes/stl/with_foot/solo_lower_leg_right_side.stl,16.19864296913147,9,1740
/foam/scripts/meshes/example-robot-data/robots/solo_description/meshes/stl/with_foot/solo_upper_leg_right_side.stl,11.118857145309448,9,3114
/foam/scripts/meshes/example-robot-data/robots/solo_description/meshes/stl/with_foot/solo_lower_leg_left_side.stl,18.952893495559692,9,1740
/foam/scripts/meshes/example-robot-data/robots/solo_description/meshes/stl/with_foot/solo_upper_leg_left_side.stl,9.221583604812622,9,3114
/foam/scripts/meshes/example-robot-data/robots/solo_description/meshes/stl/without_foot/solo_lower_leg_right_side.stl,15.388580083847046,9,2240
/foam/scripts/meshes/example-robot-data/robots/solo_description/meshes/stl/without_foot/solo_upper_leg_right_side.stl,11.077908992767334,9,3114
/foam/scripts/meshes/example-robot-data/robots/solo_description/meshes/stl/without_foot/solo_lower_leg_left_side.stl,16.308788061141968,9,2240
/foam/scripts/meshes/example-robot-data/robots/solo_description/meshes/stl/without_foot/solo_upper_leg_left_side.stl,8.838262557983398,9,3114
/foam/scripts/meshes/example-robot-data/robots/solo_description/meshes/stl/solo12/solo12_upper_leg_left_side.stl,9.259416580200195,9,3114
/foam/scripts/meshes/example-robot-data/robots/solo_description/meshes/stl/solo12/solo12_upper_leg_right_side.stl,10.936898231506348,9,3114
/foam/scripts/meshes/example-robot-data/robots/solo_description/meshes/stl/solo12/solo_12_base.stl,21.17082118988037,9,5472
/foam/scripts/meshes/example-robot-data/robots/solo_description/meshes/stl/solo12/solo12_lower_leg_left_side.stl,16.7107093334198,9,2240
/foam/scripts/meshes/example-robot-data/robots/solo_description/meshes/stl/solo12/solo12_hip_fe_hr.stl,9.363101243972778,9,3078
/foam/scripts/meshes/example-robot-data/robots/solo_description/meshes/stl/solo12/solo12_lower_leg_right_side.stl,15.626755714416504,9,2240
/foam/scripts/meshes/example-robot-data/robots/solo_description/meshes/stl/solo12/solo12_hip_fe_hl.stl,10.684411764144897,9,3078
/foam/scripts/meshes/example-robot-data/robots/solo_description/meshes/stl/solo12/solo12_hip_fe_fr.stl,13.61243486404419,9,3078
/foam/scripts/meshes/example-robot-data/robots/bolt_description/meshes/stl/upper_leg_200mm_right_side.stl,11.354761600494385,9,2816
/foam/scripts/meshes/example-robot-data/robots/bolt_description/meshes/stl/upper_leg_200mm_left_side.stl,9.743340730667114,9,2816
/foam/scripts/meshes/example-robot-data/robots/bolt_description/meshes/stl/bolt_hip_fe_left_side.stl,13.113157749176025,9,2016
/foam/scripts/meshes/example-robot-data/robots/bolt_description/meshes/stl/bolt_upper_leg_right_side.stl,9.421669483184814,9,3252
/foam/scripts/meshes/example-robot-data/robots/bolt_description/meshes/stl/bolt_foot.stl,28.551942348480225,9,3384
/foam/scripts/meshes/example-robot-data/robots/bolt_description/meshes/stl/bolt_upper_leg_left_side.stl,9.763426542282104,9,3252
/foam/scripts/meshes/example-robot-data/robots/bolt_description/meshes/stl/bolt_lower_leg_right_side.stl,11.96202564239502,9,2234
/foam/scripts/meshes/example-robot-data/robots/bolt_description/meshes/stl/bolt_lower_leg_left_side.stl,12.718908548355103,9,2234
/foam/scripts/meshes/example-robot-data/robots/bolt_description/meshes/stl/bolt_hip_fe_right_side.stl,11.577189445495605,9,2036
/foam/scripts/meshes/example-robot-data/robots/bolt_description/meshes/stl/lower_leg_200mm_left_side.stl,15.900242328643799,9,1352
/foam/scripts/meshes/example-robot-data/robots/bolt_description/meshes/stl/bolt_body.stl,16.56155300140381,9,5132
/foam/scripts/meshes/example-robot-data/robots/bolt_description/meshes/stl/lower_leg_200mm_right_side.stl,18.645074367523193,9,1352
/foam/scripts/meshes/example-robot-data/robots/hector_description/meshes/quadrotor/quadrotor_base.stl,19.185473203659058,9,540
/foam/scripts/meshes/example-robot-data/robots/z1_description/meshes/collision/z1_Link04.STL,68.44631028175354,9,25276
/foam/scripts/meshes/example-robot-data/robots/z1_description/meshes/collision/z1_Link05.STL,50.51647686958313,9,18030
/foam/scripts/meshes/example-robot-data/robots/z1_description/meshes/collision/z1_Link06.STL,66.05556201934814,9,2290
/foam/scripts/meshes/example-robot-data/robots/z1_description/meshes/collision/z1_Link02.STL,64.34299874305725,9,26124
/foam/scripts/meshes/example-robot-data/robots/z1_description/meshes/collision/z1_Link03.STL,65.10413146018982,9,33580
/foam/scripts/meshes/example-robot-data/robots/z1_description/meshes/collision/z1_Link01.STL,170.43988394737244,9,56264
/foam/scripts/meshes/example-robot-data/robots/z1_description/meshes/collision/z1_GripperStator.STL,108.9611873626709,9,43404
/foam/scripts/meshes/example-robot-data/robots/z1_description/meshes/collision/z1_Link00.STL,38.63824009895325,9,16372
/foam/scripts/meshes/example-robot-data/robots/z1_description/meshes/collision/z1_GripperMover.STL,45.909791231155396,9,23052
/foam/scripts/meshes/example-robot-data/robots/ur_description/meshes/ur10/collision/forearm.stl,7.353979587554932,9,1074
/foam/scripts/meshes/example-robot-data/robots/ur_description/meshes/ur10/collision/shoulder.stl,18.902299642562866,9,986
/foam/scripts/meshes/example-robot-data/robots/ur_description/meshes/ur10/collision/upperarm.stl,7.255007266998291,9,1224
/foam/scripts/meshes/example-robot-data/robots/ur_description/meshes/ur10/collision/base.stl,12.12769103050232,9,366
/foam/scripts/meshes/example-robot-data/robots/ur_description/meshes/ur10/collision/wrist2.stl,15.595942497253418,9,840
/foam/scripts/meshes/example-robot-data/robots/ur_description/meshes/ur10/collision/wrist3.stl,17.511717796325684,9,486
/foam/scripts/meshes/example-robot-data/robots/ur_description/meshes/ur10/collision/wrist1.stl,13.269935846328735,9,886
/foam/scripts/meshes/example-robot-data/robots/ur_description/meshes/ur3/collision/forearm.stl,9.558002471923828,9,4934
/foam/scripts/meshes/example-robot-data/robots/ur_description/meshes/ur3/collision/shoulder.stl,14.081504344940186,9,7865
/foam/scripts/meshes/example-robot-data/robots/ur_description/meshes/ur3/collision/upperarm.stl,15.078409433364868,9,10263
/foam/scripts/meshes/example-robot-data/robots/ur_description/meshes/ur3/collision/base.stl,19.64443349838257,9,7992
/foam/scripts/meshes/example-robot-data/robots/ur_description/meshes/ur3/collision/wrist2.stl,12.361572504043579,9,3671
/foam/scripts/meshes/example-robot-data/robots/ur_description/meshes/ur3/collision/wrist3.stl,16.69762897491455,9,528
/foam/scripts/meshes/example-robot-data/robots/ur_description/meshes/ur3/collision/wrist1.stl,13.255569458007812,9,3672
/foam/scripts/meshes/example-robot-data/robots/ur_description/meshes/ur5/collision/forearm.stl,8.742182970046997,9,1050
/foam/scripts/meshes/example-robot-data/robots/ur_description/meshes/ur5/collision/shoulder.stl,17.47030806541443,9,674
/foam/scripts/meshes/example-robot-data/robots/ur_description/meshes/ur5/collision/upperarm.stl,9.240639925003052,9,1176
/foam/scripts/meshes/example-robot-data/robots/ur_description/meshes/ur5/collision/base.stl,18.558104515075684,9,578
/foam/scripts/meshes/example-robot-data/robots/ur_description/meshes/ur5/collision/wrist2.stl,15.145404577255249,9,702
/foam/scripts/meshes/example-robot-data/robots/ur_description/meshes/ur5/collision/wrist3.stl,8.614591360092163,9,446
/foam/scripts/meshes/example-robot-data/robots/ur_description/meshes/ur5/collision/wrist1.stl,11.892562866210938,9,702
/foam/scripts/meshes/example-robot-data/robots/bravo7_description/meshes/RS2-268_convex_hull.stl,12.11039924621582,9,546
/foam/scripts/meshes/example-robot-data/robots/bravo7_description/meshes/RS2-161_convex_hull.stl,14.580137968063354,9,272
/foam/scripts/meshes/example-robot-data/robots/bravo7_description/meshes/RS2-214.stl,10.091793060302734,9,3508
/foam/scripts/meshes/example-robot-data/robots/bravo7_description/meshes/RS2-180_convex_hull.stl,8.950724363327026,9,232
/foam/scripts/meshes/example-robot-data/robots/bravo7_description/meshes/RS2-217.stl,10.923283338546753,9,4698
/foam/scripts/meshes/example-robot-data/robots/bravo7_description/meshes/RS2-161.stl,16.400993824005127,9,4474
/foam/scripts/meshes/example-robot-data/robots/bravo7_description/meshes/RS2-250-212-214_convex_hull.stl,12.105056762695312,9,476
/foam/scripts/meshes/example-robot-data/robots/bravo7_description/meshes/RS2-266.stl,18.535812854766846,9,5518
/foam/scripts/meshes/example-robot-data/robots/bravo7_description/meshes/RS2-250-212-214.stl,11.454687118530273,9,3826
/foam/scripts/meshes/example-robot-data/robots/bravo7_description/meshes/RS2-214_convex_hull.stl,9.23297381401062,9,660
/foam/scripts/meshes/example-robot-data/robots/bravo7_description/meshes/RS2-266_convex_hull.stl,7.3114049434661865,9,74
/foam/scripts/meshes/example-robot-data/robots/bravo7_description/meshes/RS2-268.stl,13.177785873413086,9,4830
/foam/scripts/meshes/example-robot-data/robots/bravo7_description/meshes/RS2-180.stl,14.126666784286499,9,5542
/foam/scripts/meshes/example-robot-data/robots/bravo7_description/meshes/RS2-217_convex_hull.stl,14.383210897445679,9,316
/foam/scripts/meshes/example-robot-data/robots/bravo7_description/meshes/end_effectors/RS2-300.stl,16.439831256866455,9,2370
/foam/scripts/meshes/example-robot-data/robots/bravo7_description/meshes/end_effectors/RS2-301.stl,26.4127299785614,9,2648
/foam/scripts/meshes/example-robot-data/robots/bravo7_description/meshes/end_effectors/contact_sphere.stl,21.145310163497925,9,16854
/foam/scripts/meshes/example-robot-data/robots/bravo7_description/meshes/end_effectors/RS2-257.stl,13.035050868988037,9,3142
/foam/scripts/meshes/example-robot-data/robots/bravo7_description/meshes/end_effectors/RS2-255.stl,12.924278497695923,9,4026
/foam/scripts/meshes/example-robot-data/robots/bravo7_description/meshes/end_effectors/RS2-255-Jaw-Inside.stl,10.427440166473389,9,4012
/foam/scripts/meshes/example-robot-data/robots/bravo7_description/meshes/end_effectors/contact_sphere_convex_hull.stl,7.441646099090576,9,376
/foam/scripts/meshes/example-robot-data/robots/bluevolta_description/meshes/bluevolta_propeller.stl,30.07020592689514,9,1302
/foam/scripts/meshes/example-robot-data/robots/bluevolta_description/meshes/bluevolta_convex_hull.stl,9.577266931533813,9,110
/foam/scripts/meshes/example-robot-data/robots/cassie_description/meshes/knee.stl,10.746300458908081,9,1522
/foam/scripts/meshes/example-robot-data/robots/cassie_description/meshes/hip-yaw.stl,12.644763946533203,9,5816
/foam/scripts/meshes/example-robot-data/robots/cassie_description/meshes/knee-spring.stl,10.464102506637573,9,2022
/foam/scripts/meshes/example-robot-data/robots/cassie_description/meshes/tarsus.stl,9.213508605957031,9,4038
/foam/scripts/meshes/example-robot-data/robots/cassie_description/meshes/hip-pitch.stl,17.23862910270691,9,4904
/foam/scripts/meshes/example-robot-data/robots/cassie_description/meshes/plantar-rod.stl,12.410103797912598,9,1878
/foam/scripts/meshes/example-robot-data/robots/cassie_description/meshes/foot.stl,15.42851209640503,9,1724
/foam/scripts/meshes/example-robot-data/robots/cassie_description/meshes/foot-crank.stl,12.827229499816895,9,784
/foam/scripts/meshes/example-robot-data/robots/cassie_description/meshes/hip-roll.stl,22.60542607307434,9,3050
/foam/scripts/meshes/example-robot-data/robots/cassie_description/meshes/heel-spring.stl,12.17478895187378,9,1492
/foam/scripts/meshes/example-robot-data/robots/cassie_description/meshes/pelvis.stl,16.747809410095215,9,11266
/foam/scripts/meshes/example-robot-data/robots/cassie_description/meshes/achilles-rod.stl,12.454442262649536,9,2616
/foam/scripts/meshes/example-robot-data/robots/cassie_description/meshes/shin.stl,8.098506689071655,9,3260
/foam/scripts/meshes/example-robot-data/robots/quadruped_description/urdf/sphere.obj,9.790089845657349,9,80
/foam/scripts/meshes/example-robot-data/robots/quadruped_description/urdf/cube.obj,8.607509136199951,9,12
/foam/scripts/meshes/example-robot-data/robots/quadruped_description/urdf/cylinder.obj,10.108365297317505,9,32
/foam/scripts/meshes/example-robot-data/robots/alex_description/meshes/idx-f2.obj,7.025033712387085,9,486
/foam/scripts/meshes/example-robot-data/robots/alex_description/meshes/idx-f1.obj,11.992565631866455,9,884
/foam/scripts/meshes/example-robot-data/robots/alex_description/meshes/full_model_fused_with__wrist.obj,14.34146523475647,9,13500
/foam/scripts/meshes/example-robot-data/robots/alex_description/meshes/sake_finger_knuckle.obj,10.721177816390991,9,1344
/foam/scripts/meshes/example-robot-data/robots/alex_description/meshes/full_model_fused_no_wrist.stl,25.3398175239563,9,17506
/foam/scripts/meshes/example-robot-data/robots/alex_description/meshes/full_model_fused_with__wrist.stl,19.46025824546814,9,13500
/foam/scripts/meshes/example-robot-data/robots/alex_description/meshes/full_model_fused_no_wrist.obj,15.34706735610962,9,17506
/foam/scripts/meshes/example-robot-data/robots/alex_description/meshes/ALX02_01_A03_NeckLink.obj,39.783440828323364,9,721
/foam/scripts/meshes/example-robot-data/robots/alex_description/meshes/thumb-f1.obj,8.937177419662476,9,120
/foam/scripts/meshes/example-robot-data/robots/alex_description/meshes/PsyonicRight.obj,18.711377143859863,9,8354
/foam/scripts/meshes/example-robot-data/robots/alex_description/meshes/fb_palm_ref.obj,12.14849305152893,9,2500
/foam/scripts/meshes/example-robot-data/robots/alex_description/meshes/thumb-f2-right.obj,6.942025661468506,9,268
/foam/scripts/meshes/example-robot-data/robots/alex_description/meshes/ALX02_02_A05_UJointLink.obj,57.55570411682129,9,662
/foam/scripts/meshes/example-robot-data/robots/alex_description/meshes/wristadapter.obj,28.127814054489136,9,13790
/foam/scripts/meshes/example-robot-data/robots/alex_description/meshes/ALX02_01_A02_HeadLink.obj,30.59685254096985,9,4937
/foam/scripts/meshes/example-robot-data/robots/alex_description/meshes/wristmesh.obj,27.50364661216736,9,10500
/foam/scripts/meshes/example-robot-data/robots/alex_description/meshes/ALX02_02_A06_TorsoLink.obj,44.55327820777893,9,7500
/foam/scripts/meshes/example-robot-data/robots/alex_description/meshes/Head.obj,43.586446046829224,9,8974
/foam/scripts/meshes/example-robot-data/robots/alex_description/meshes/sake_finger_tip.obj,37.21051573753357,9,2173
/foam/scripts/meshes/example-robot-data/robots/alex_description/meshes/PsyonicLeft.obj,28.769654273986816,9,9080
/foam/scripts/meshes/example-robot-data/robots/alex_description/meshes/thumb-f2-left.obj,10.321621656417847,9,268
/foam/scripts/meshes/example-robot-data/robots/alex_description/meshes/wristadapter_mir.obj,24.797483205795288,9,8500
/foam/scripts/meshes/example-robot-data/robots/alex_description/meshes/fb_palm_ref_mir.obj,13.661754846572876,9,2430
/foam/scripts/meshes/example-robot-data/robots/alex_description/meshes/thumb-f1-mir.obj,12.42193078994751,9,120
/foam/scripts/meshes/example-robot-data/robots/alex_description/meshes/cycloidal_arm/LeftShoulderRollLink_shortBicep.obj,27.478421926498413,9,3335
/foam/scripts/meshes/example-robot-data/robots/alex_description/meshes/cycloidal_arm/RightGripperYawLink.obj,20.153817892074585,9,870
/foam/scripts/meshes/example-robot-data/robots/alex_description/meshes/cycloidal_arm/RightShoulderRollLink_shortBicep.obj,23.839327096939087,9,3335
/foam/scripts/meshes/example-robot-data/robots/alex_description/meshes/cycloidal_arm/nub.obj,21.33052635192871,9,1404
/foam/scripts/meshes/example-robot-data/robots/alex_description/meshes/cycloidal_arm/LeftGripperYawLink.obj,19.65212631225586,9,870
/foam/scripts/meshes/example-robot-data/robots/tiago_description/meshes/pmb2/objects/antenna.stl,11.621431112289429,9,3948
/foam/scripts/meshes/example-robot-data/robots/tiago_description/meshes/pmb2/wheels/wheel.stl,22.14660620689392,9,5999
/foam/scripts/meshes/example-robot-data/robots/tiago_description/meshes/pmb2/wheels/caster_2.stl,16.41891098022461,9,500
/foam/scripts/meshes/example-robot-data/robots/tiago_description/meshes/pmb2/wheels/caster_1.stl,27.42675518989563,9,799
/foam/scripts/meshes/example-robot-data/robots/tiago_description/meshes/pmb2/base/base_ring.stl,19.1627676486969,9,1728
/foam/scripts/meshes/example-robot-data/robots/tiago_description/meshes/pmb2/base/base_collision.stl,43.82862377166748,9,400
/foam/scripts/meshes/example-robot-data/robots/tiago_description/meshes/head/head_1.stl,18.576500415802002,9,1616
/foam/scripts/meshes/example-robot-data/robots/tiago_description/meshes/hey5/finger_flex_tip_collision.stl,20.00153684616089,9,132
/foam/scripts/meshes/example-robot-data/robots/tiago_description/meshes/hey5/palm_collision.stl,16.602828979492188,9,618
/foam/scripts/meshes/example-robot-data/robots/tiago_description/meshes/hey5/thumb_abd_collision.stl,17.35240077972412,9,244
/foam/scripts/meshes/example-robot-data/robots/tiago_description/meshes/hey5/finger_flex_collision.stl,24.328747272491455,9,108
/foam/scripts/meshes/example-robot-data/robots/tiago_description/meshes/hey5/palm.stl,18.625596523284912,9,1560
/foam/scripts/meshes/example-robot-data/robots/tiago_description/meshes/hey5/finger_abd_collision.stl,22.95667862892151,9,108
/foam/scripts/meshes/example-robot-data/robots/tiago_description/meshes/torso/torso_lift_without_arm.stl,16.57790207862854,9,1716
/foam/scripts/meshes/example-robot-data/robots/tiago_description/meshes/torso/torso_fix.stl,25.249968767166138,9,5992
/foam/scripts/meshes/example-robot-data/robots/tiago_description/meshes/torso/torso_lift_with_arm.stl,17.000791788101196,9,2534
/foam/scripts/meshes/example-robot-data/robots/tiago_description/meshes/arm/arm_4.stl,35.063533306121826,9,8149
/foam/scripts/meshes/example-robot-data/robots/tiago_description/meshes/arm/arm_5.stl,41.55285120010376,9,1500
/foam/scripts/meshes/example-robot-data/robots/tiago_description/meshes/arm/arm_5-wrist-2010.stl,41.08307123184204,9,1500
/foam/scripts/meshes/example-robot-data/robots/tiago_description/meshes/arm/arm_6.stl,19.762078285217285,9,364
/foam/scripts/meshes/example-robot-data/robots/tiago_description/meshes/arm/arm_2.stl,51.21416115760803,9,19766
/foam/scripts/meshes/example-robot-data/robots/tiago_description/meshes/arm/arm_3.stl,23.951425552368164,9,9820
/foam/scripts/meshes/example-robot-data/robots/tiago_description/meshes/arm/arm_1.stl,16.7555890083313,9,4806
/foam/scripts/meshes/example-robot-data/robots/tiago_description/meshes/arm/arm_6-wrist-2010.stl,21.880452394485474,9,364
/foam/scripts/meshes/example-robot-data/robots/tiago_description/meshes/arm/arm_4_collision.stl,14.496083974838257,9,66
/foam/scripts/meshes/example-robot-data/robots/iris_description/meshes/iris.stl,47.041539430618286,9,13596
/foam/scripts/meshes/example-robot-data/robots/pr2_description/meshes/head_v0/head_tilt_L.stl,18.79817771911621,9,106
/foam/scripts/meshes/example-robot-data/robots/pr2_description/meshes/head_v0/head_tilt.stl,18.79315710067749,9,1052
/foam/scripts/meshes/example-robot-data/robots/pr2_description/meshes/head_v0/head_pan.stl,10.88915205001831,9,1000
/foam/scripts/meshes/example-robot-data/robots/pr2_description/meshes/head_v0/head_pan_L.stl,9.93761944770813,9,220
/foam/scripts/meshes/example-robot-data/robots/pr2_description/meshes/tilting_laser_v0/hok_tilt.stl,32.41600799560547,9,516
/foam/scripts/meshes/example-robot-data/robots/pr2_description/meshes/tilting_laser_v0/tilting_hokuyo.stl,69.46326017379761,9,998
/foam/scripts/meshes/example-robot-data/robots/pr2_description/meshes/tilting_laser_v0/tilting_hokuyo_L.stl,14.445540189743042,9,90
/foam/scripts/meshes/example-robot-data/robots/pr2_description/meshes/gripper_v0/l_finger.stl,182.66043615341187,9,213
/foam/scripts/meshes/example-robot-data/robots/pr2_description/meshes/gripper_v0/gripper_palm.stl,9.271400690078735,9,170
/foam/scripts/meshes/example-robot-data/robots/pr2_description/meshes/gripper_v0/l_finger_tip.stl,12.918052911758423,9,149
/foam/scripts/meshes/example-robot-data/robots/pr2_description/meshes/forearm_v0/forearm.stl,14.694994926452637,9,340
/foam/scripts/meshes/example-robot-data/robots/pr2_description/meshes/forearm_v0/wrist_flex.stl,9.301819324493408,9,97
/foam/scripts/meshes/example-robot-data/robots/pr2_description/meshes/forearm_v0/wrist_roll.stl,30.055509328842163,9,998
/foam/scripts/meshes/example-robot-data/robots/pr2_description/meshes/forearm_v0/wrist_roll_L.stl,67.04277181625366,9,150
/foam/scripts/meshes/example-robot-data/robots/pr2_description/meshes/base_v0/pr2_wheel.stl,133.71814155578613,9,1380
/foam/scripts/meshes/example-robot-data/robots/pr2_description/meshes/base_v0/wheel.stl,129.29082131385803,9,1000
/foam/scripts/meshes/example-robot-data/robots/pr2_description/meshes/base_v0/caster_L.stl,62.54395031929016,9,188
/foam/scripts/meshes/example-robot-data/robots/pr2_description/meshes/base_v0/base_L.stl,8.432734727859497,9,96
/foam/scripts/meshes/example-robot-data/robots/pr2_description/meshes/base_v0/caster.stl,38.95541191101074,9,1000
/foam/scripts/meshes/example-robot-data/robots/pr2_description/meshes/base_v0/base.stl,14.979259252548218,9,1164
/foam/scripts/meshes/example-robot-data/robots/pr2_description/meshes/shoulder_v0/shoulder_yaw.stl,14.39234447479248,9,1000
/foam/scripts/meshes/example-robot-data/robots/pr2_description/meshes/shoulder_v0/upper_arm_roll_L.stl,26.866179943084717,9,100
/foam/scripts/meshes/example-robot-data/robots/pr2_description/meshes/shoulder_v0/shoulder_pan.stl,12.099138498306274,9,250
/foam/scripts/meshes/example-robot-data/robots/pr2_description/meshes/shoulder_v0/shoulder_lift.stl,19.8161678314209,9,240
/foam/scripts/meshes/example-robot-data/robots/pr2_description/meshes/shoulder_v0/upper_arm_roll.stl,12.460392713546753,9,996
/foam/scripts/meshes/example-robot-data/robots/pr2_description/meshes/torso_v0/torso_lift_L.stl,10.245687246322632,9,150
/foam/scripts/meshes/example-robot-data/robots/pr2_description/meshes/torso_v0/torso_lift.stl,14.145615577697754,9,795
/foam/scripts/meshes/example-robot-data/robots/pr2_description/meshes/upper_arm_v0/forearm_roll_L.stl,15.25754690170288,9,200
/foam/scripts/meshes/example-robot-data/robots/pr2_description/meshes/upper_arm_v0/upper_arm.stl,16.97662043571472,9,320
/foam/scripts/meshes/example-robot-data/robots/pr2_description/meshes/upper_arm_v0/elbow_flex.stl,20.088149309158325,9,148
/foam/scripts/meshes/example-robot-data/robots/pr2_description/meshes/upper_arm_v0/forearm_roll.stl,20.962332725524902,9,993
/foam/scripts/meshes/example-robot-data/robots/panda_description/meshes/collision/finger.stl,6.681912183761597,9,32
/foam/scripts/meshes/example-robot-data/robots/panda_description/meshes/collision/hand.stl,8.092891216278076,9,200
/foam/scripts/meshes/example-robot-data/robots/panda_description/meshes/collision/link3.stl,6.4100987911224365,9,300
/foam/scripts/meshes/example-robot-data/robots/panda_description/meshes/collision/link2.stl,7.830142021179199,9,300
/foam/scripts/meshes/example-robot-data/robots/panda_description/meshes/collision/link0.stl,8.211837530136108,9,200
/foam/scripts/meshes/example-robot-data/robots/panda_description/meshes/collision/link1.stl,8.198039293289185,9,300
/foam/scripts/meshes/example-robot-data/robots/panda_description/meshes/collision/link5.stl,6.9470696449279785,9,300
/foam/scripts/meshes/example-robot-data/robots/panda_description/meshes/collision/link4.stl,6.429467678070068,9,300
/foam/scripts/meshes/example-robot-data/robots/panda_description/meshes/collision/link6.stl,8.318953514099121,9,200
/foam/scripts/meshes/example-robot-data/robots/panda_description/meshes/collision/link7.stl,16.114043951034546,9,200
/foam/scripts/meshes/meshes/lower_shoulder/S1.STL,23.49115800857544,9,6574
/foam/scripts/meshes/meshes/lower_forearm/W1.STL,28.503056287765503,9,13754
/foam/scripts/meshes/meshes/upper_elbow/E0.STL,28.685415029525757,9,13124
/foam/scripts/meshes/meshes/upper_shoulder/S0.STL,99.09455704689026,9,38349
/foam/scripts/meshes/meshes/head/H0.STL,26.924093008041382,8,5215
/foam/scripts/meshes/meshes/head/H1.STL,19.77114176750183,9,3486
/foam/scripts/meshes/meshes/torso/base_link_collision_5.stl,14.744241952896118,9,72
/foam/scripts/meshes/meshes/torso/base_link_collision_4.stl,7.476596832275391,9,30
/foam/scripts/meshes/meshes/torso/base_link_collision_6.stl,10.322821617126465,9,512
/foam/scripts/meshes/meshes/torso/base_link_collision_7.stl,9.396953105926514,9,80
/foam/scripts/meshes/meshes/torso/base_link_collision_3.stl,10.960898399353027,9,56
/foam/scripts/meshes/meshes/torso/base_link_collision.STL,15.695509195327759,9,9159
/foam/scripts/meshes/meshes/torso/base_link_collision_2.stl,11.009721755981445,9,56
/foam/scripts/meshes/meshes/torso/base_link_collision_1.stl,15.536900281906128,9,731
/foam/scripts/meshes/meshes/torso/base_link.STL,252.70055603981018,9,69260
/foam/scripts/meshes/meshes/upper_forearm/W0.STL,78.57725095748901,9,26319
/foam/scripts/meshes/meshes/lower_elbow/E1.STL,32.76535606384277,9,12004
/foam/scripts/meshes/meshes/wrist/W2.STL,41.344820976257324,9,11330
/foam/scripts/meshes/meshes/electric_gripper/electric_gripper_w_fingers.STL,114.12805581092834,9,45754
/foam/scripts/meshes/meshes/electric_gripper/fingers/extended_narrow.STL,7.865598917007446,9,2934
/foam/scripts/meshes/meshes/base/PEDESTAL.STL,283.4065001010895,9,74713
/foam/scripts/meshes/meshes/base/pedestal_link_collision.STL,8.823362350463867,9,204
/foam/scripts/meshes/meshes_fetch/torso_lift_link_collision.STL,7.98030686378479,9,1000
/foam/scripts/meshes/meshes_fetch/gripper_link_2.stl,10.293108940124512,9,224
/foam/scripts/meshes/meshes_fetch/l_wheel_link.STL,8.683326959609985,9,2086
/foam/scripts/meshes/meshes_fetch/shoulder_lift_link_collision_2.stl,11.450982570648193,9,134
/foam/scripts/meshes/meshes_fetch/head_pan_link_collision_2.stl,7.6517815589904785,9,48
/foam/scripts/meshes/meshes_fetch/bellows_link_collision.STL,10.101247072219849,9,20
/foam/scripts/meshes/meshes_fetch/r_wheel_link_collision.STL,13.795417070388794,9,1372
/foam/scripts/meshes/meshes_fetch/r_gripper_finger_link.STL,6.511239290237427,9,228
/foam/scripts/meshes/meshes_fetch/bellows_link.STL,53.86975073814392,9,1436
/foam/scripts/meshes/meshes_fetch/l_gripper_finger_link.STL,7.783934831619263,9,228
/foam/scripts/meshes/meshes_fetch/l_gripper_finger_link_2.stl,5.203945875167847,9,12
/foam/scripts/meshes/meshes_fetch/estop_link.STL,18.112067461013794,9,7736
/foam/scripts/meshes/meshes_fetch/torso_lift_link_split_1.stl,6.458617210388184,9,154
/foam/scripts/meshes/meshes_fetch/r_gripper_finger_link_2.stl,9.77453351020813,9,12
/foam/scripts/meshes/meshes_fetch/torso_lift_link_split_3.stl,13.569076538085938,9,113
/foam/scripts/meshes/meshes_fetch/forearm_roll_link_collision_2.stl,12.887580871582031,9,150
/foam/scripts/meshes/meshes_fetch/torso_lift_link_split_2.stl,7.428531646728516,9,64
/foam/scripts/meshes/meshes_fetch/base_link_collision.STL,17.336244821548462,9,4720
/foam/scripts/meshes/meshes_fetch/base_link_collision_2.stl,11.002228736877441,9,360
/foam/scripts/meshes/meshes_fetch/upperarm_roll_link_collision_2.stl,6.698376893997192,9,74
/foam/scripts/meshes/meshes_fetch/torso_fixed_link.STL,8.63486099243164,9,116
/foam/scripts/meshes/meshes_fetch/shoulder_pan_link_collision.STL,12.217571258544922,9,1312
/foam/scripts/meshes/meshes_fetch/elbow_flex_link_collision_2.stl,10.949124336242676,9,144
/foam/scripts/meshes/meshes_fetch/forearm_roll_link_collision.STL,11.99033784866333,9,1000
/foam/scripts/meshes/meshes_fetch/upperarm_roll_link_collision.STL,10.001153945922852,9,998
/foam/scripts/meshes/meshes_fetch/r_wheel_link.STL,14.170501232147217,9,2086
/foam/scripts/meshes/meshes_fetch/shoulder_pan_link_collision_2.stl,7.890467166900635,9,196
/foam/scripts/meshes/meshes_fetch/wrist_roll_link_collision.STL,12.324146270751953,9,520
/foam/scripts/meshes/meshes_fetch/wrist_flex_link_collision_2.stl,7.864177942276001,9,148
/foam/scripts/meshes/meshes_fetch/gripper_link.STL,10.945578336715698,9,1506
/foam/scripts/meshes/meshes_fetch/head_tilt_link_collision_2.stl,14.491862058639526,9,24
/foam/scripts/meshes/meshes_fetch/head_pan_link_collision.STL,8.697938680648804,9,2118
/foam/scripts/meshes/meshes_fetch/laser_link.STL,100.44948983192444,9,7116
/foam/scripts/meshes/meshes_fetch/shoulder_lift_link_collision.STL,11.550522327423096,9,906
/foam/scripts/meshes/meshes_fetch/wrist_roll_link_collision_2.stl,9.403137683868408,9,78
/foam/scripts/meshes/meshes_fetch/wrist_flex_link_collision.STL,15.72719120979309,9,994
/foam/scripts/meshes/meshes_fetch/elbow_flex_link_collision.STL,19.75364589691162,9,972
/foam/scripts/meshes/meshes_fetch/head_tilt_link_collision.STL,16.471734762191772,9,706
/foam/scripts/meshes/meshes_fetch/l_wheel_link_collision.STL,19.5335373878479,9,1372
